Accuracy,Precision,Recall,F1
0.656,0.6546184738955824,1.0,0.7912621359223301
0.988,0.9819277108433735,1.0,0.9908814589665653
0.988,0.9819277108433735,1.0,0.9908814589665653
